,error_x1r,error_SE1r,error_SE12
744920,-1.9594573,0.030352311148948912,0.18571803119704722
