,error_x1r,error_SE1r,error_SE12
744920,-0.76449156,0.004037773463508272,0.15013689390906007
