,error_x1r,error_SE1r,error_SE12
109620,-0.26606956,0.0950155805617355,0.19538081542420263
