,error_x1r,error_SE1r,error_SE12
744920,-1.7759609,0.018246242518558057,0.1735380422462304
