,error_x1r,error_SE1r,error_SE12
037401,0.38214144,0.036441557222558256,0.0780746958585619
