,error_x1r,error_SE1r,error_SE12
744920,-1.7904891,0.032021450696872227,0.17010020599955142
