,error_x1r,error_SE1r,error_SE12
103810,0.217875,0.007051656862096444,0.12997043476822165
