,error_x1r,error_SE1r,error_SE12
113200,-0.28179374,0.06871787965540764,0.17506872919604896
