,error_x1r,error_SE1r,error_SE12
066080,-0.2986641,-0.14333002078442544,0.29361608899099584
