,error_x1r,error_SE1r,error_SE12
720352,0.27218357,0.014684628043981149,0.2808392895701539
