,error_x1r,error_SE1r,error_SE12
744920,0.24302101,0.04948534923468665,0.14901990175069235
