,error_x1r,error_SE1r,error_SE12
744920,-1.5857062,0.01811757042294973,0.16080641918581115
