,error_x1r,error_SE1r,error_SE12
024581,0.15797265,-0.05736087910165868,0.07901651006052272
