,error_x1r,error_SE1r,error_SE12
726170,-1.1444973,0.007951187067980267,0.1886159838754886
