,error_x1r,error_SE1r,error_SE12
744920,-2.443066,0.042275023401224604,0.2121074107621692
