,error_x1r,error_SE1r,error_SE12
726170,0.21442509,-0.0006941600601662231,0.21220218504233093
