,error_x1r,error_SE1r,error_SE12
744920,-0.38002777,0.16360772892561057,0.11698621170023976
