,error_x1r,error_SE1r,error_SE12
744920,-2.2514353,0.03393128733425747,0.2046291226288024
