,error_x1r,error_SE1r,error_SE12
744920,-1.7212538,0.025056576021547677,0.16637229336554868
