,error_x1r,error_SE1r,error_SE12
023610,-0.14036863,-0.09382121557594301,0.27744977839217577
